Mean_MAE,Mean_RMSE,Mean_R2
0.7982599377632141,1.3057701905897026,0.09747740030288696
