Mean_MAE,Mean_RMSE,Mean_R2
0.9745611190795899,1.7732025240303038,-0.8996058225631713
