visibility_km,n,fraction
4,1,0.007874015748031496
5,10,0.07874015748031496
9,11,0.08661417322834646
10,105,0.8267716535433071
