{
  "bootstrap_unit": "acquisition date",
  "models": [
    "dummy_10km",
    "weather_ridge",
    "image_pca_ridge",
    "fusion_pca_ridge",
    "fusion_pca_xgboost",
    "nested_svr_mae",
    "nested_svr_balanced",
    "transfer_weighted_ridge_reference"
  ],
  "n_bootstrap": 5000,
  "n_dates": 23,
  "n_samples": 127,
  "paired_resampling": "All models use the same sampled acquisition dates in each bootstrap replicate.",
  "point_metrics": {
    "dummy_10km": {
      "balanced_regime_mae": 1.5227272727272727,
      "ceiling_label_mae": 0.0,
      "date_macro_mae": 0.7681159420289854,
      "low_visibility_mae": 3.0454545454545454,
      "macro_mae": 3.0,
      "mae": 0.5275590551181102,
      "mean_bias": 0.5275590551181102,
      "median_absolute_error": 0.0,
      "n": 127,
      "r2": -0.13508877520312979,
      "rmse": 1.5292425174462532,
      "within_1km": 0.9133858267716536,
      "within_2km": 0.9133858267716536
    },
    "fusion_pca_ridge": {
      "balanced_regime_mae": 1.563692831189896,
      "ceiling_label_mae": 0.6359646383884733,
      "date_macro_mae": 1.1502039404867783,
      "low_visibility_mae": 2.491421023991319,
      "macro_mae": 2.826371165517608,
      "mae": 0.9573822799889662,
      "mean_bias": -0.12796890618590376,
      "median_absolute_error": 0.6352309494887596,
      "n": 127,
      "r2": -0.1527756965619007,
      "rmse": 1.5411107704001794,
      "within_1km": 0.7401574803149606,
      "within_2km": 0.8976377952755905
    },
    "fusion_pca_xgboost": {
      "balanced_regime_mae": 1.5320383866628011,
      "ceiling_label_mae": 0.5538214365641276,
      "date_macro_mae": 1.076069080155639,
      "low_visibility_mae": 2.5102553367614746,
      "macro_mae": 2.794019155791312,
      "mae": 0.8927312460471326,
      "mean_bias": -0.02442452288049407,
      "median_absolute_error": 0.5152416229248047,
      "n": 127,
      "r2": -0.07273428167346863,
      "rmse": 1.4866458728939058,
      "within_1km": 0.8740157480314961,
      "within_2km": 0.9133858267716536
    },
    "image_pca_ridge": {
      "balanced_regime_mae": 1.5537679059416716,
      "ceiling_label_mae": 0.6278572442896978,
      "date_macro_mae": 1.1447741139677456,
      "low_visibility_mae": 2.4796785675936452,
      "macro_mae": 2.8176473097087835,
      "mae": 0.9486451900588857,
      "mean_bias": -0.12489057245420108,
      "median_absolute_error": 0.6182035954672767,
      "n": 127,
      "r2": -0.13682174038799189,
      "rmse": 1.5304094364443295,
      "within_1km": 0.7401574803149606,
      "within_2km": 0.8976377952755905
    },
    "nested_svr_balanced": {
      "balanced_regime_mae": 1.4264460895340445,
      "ceiling_label_mae": 0.36205322704668585,
      "date_macro_mae": 0.9106353696529308,
      "low_visibility_mae": 2.490838952021403,
      "macro_mae": 2.691429576586211,
      "mae": 0.7308192581446682,
      "mean_bias": 0.1308803484294238,
      "median_absolute_error": 0.3354010825790841,
      "n": 127,
      "r2": 0.018826169892887767,
      "rmse": 1.4217866359517364,
      "within_1km": 0.8976377952755905,
      "within_2km": 0.905511811023622
    },
    "nested_svr_mae": {
      "balanced_regime_mae": 1.4823008434344287,
      "ceiling_label_mae": 0.2109497017596887,
      "date_macro_mae": 0.8720113510556619,
      "low_visibility_mae": 2.7536519851091685,
      "macro_mae": 2.8992217656234422,
      "mae": 0.6514178138359764,
      "mean_bias": 0.3026033463593259,
      "median_absolute_error": 0.2384986223647907,
      "n": 127,
      "r2": -0.025501532393022552,
      "rmse": 1.4535487651730417,
      "within_1km": 0.9133858267716536,
      "within_2km": 0.9133858267716536
    },
    "transfer_weighted_ridge_reference": {
      "balanced_regime_mae": 1.6719169440372972,
      "ceiling_label_mae": 0.7001566370136377,
      "date_macro_mae": 1.303620351827256,
      "low_visibility_mae": 2.6436772510609567,
      "macro_mae": 2.6901286423989195,
      "mae": 1.0368294992895513,
      "mean_bias": -0.020988822158232615,
      "median_absolute_error": 0.6828344794974708,
      "n": 127,
      "r2": -0.28560477706050835,
      "rmse": 1.6274782319150918,
      "within_1km": 0.6614173228346457,
      "within_2km": 0.905511811023622
    },
    "weather_ridge": {
      "balanced_regime_mae": 1.610505900271653,
      "ceiling_label_mae": 0.6124423758208375,
      "date_macro_mae": 1.0925201043897557,
      "low_visibility_mae": 2.6085694247224684,
      "macro_mae": 2.8154971668594424,
      "mae": 0.958228163819545,
      "mean_bias": -0.0544718276952255,
      "median_absolute_error": 0.6562392281231517,
      "n": 127,
      "r2": -0.12031283925903735,
      "rmse": 1.5192565110910392,
      "within_1km": 0.889763779527559,
      "within_2km": 0.9133858267716536
    }
  }
}