Mean_MAE,Mean_RMSE,Mean_R2
0.9467419981956482,1.660503640050204,-0.60140460729599
