Mean_MAE,Mean_RMSE,Mean_R2
1.0197739711313334,1.1343619906429527,-0.6609058575184557
