Mean_MAE,Mean_RMSE,Mean_R2
0.9574028134346009,1.7292575222082214,-0.6878072023391724
