Mean_MAE,Mean_RMSE,Mean_R2
0.5948299169540405,1.2687819449301834,0.03995480537414551
