{
  "dummy_median": {
    "macro_mae": {
      "ci95_high": 3.6666666666666665,
      "ci95_low": 2.0,
      "estimate": 3.0
    },
    "mae": {
      "ci95_high": 0.9612268314210062,
      "ci95_low": 0.25337834927199104,
      "estimate": 0.5275590551181102
    },
    "rmse": {
      "ci95_high": 2.1335688878362347,
      "ci95_low": 0.9672374971106759,
      "estimate": 1.5292425174462532
    }
  },
  "fusion_pca_ridge": {
    "macro_mae": {
      "ci95_high": 3.565601526294262,
      "ci95_low": 1.7719437901498283,
      "estimate": 2.850082361236095
    },
    "mae": {
      "ci95_high": 1.3741579823038381,
      "ci95_low": 0.7724056108638111,
      "estimate": 1.0131495107336717
    },
    "rmse": {
      "ci95_high": 2.094672446376873,
      "ci95_low": 1.1129150452296914,
      "estimate": 1.5596227590889915
    }
  },
  "fusion_pca_xgboost": {
    "macro_mae": {
      "ci95_high": 3.570398168908751,
      "ci95_low": 1.7834471801819842,
      "estimate": 2.794019155791312
    },
    "mae": {
      "ci95_high": 1.2453634975126133,
      "ci95_low": 0.6610824249010014,
      "estimate": 0.8927312460471326
    },
    "rmse": {
      "ci95_high": 2.0185947035726355,
      "ci95_low": 1.002506071512059,
      "estimate": 1.4866458728939058
    }
  },
  "image_pca_ridge": {
    "macro_mae": {
      "ci95_high": 3.563418903614337,
      "ci95_low": 1.7694760882323128,
      "estimate": 2.84000640247214
    },
    "mae": {
      "ci95_high": 1.3622859267980694,
      "ci95_low": 0.7742040797329056,
      "estimate": 1.0080025850712029
    },
    "rmse": {
      "ci95_high": 2.07391360071375,
      "ci95_low": 1.1086943226566333,
      "estimate": 1.5479435773847205
    }
  },
  "transfer_weighted_ridge": {
    "macro_mae": {
      "ci95_high": 3.3182365321452334,
      "ci95_low": 1.8107215127179113,
      "estimate": 2.6901286423989195
    },
    "mae": {
      "ci95_high": 1.5056247124451339,
      "ci95_low": 0.7104654096212185,
      "estimate": 1.0368294992895513
    },
    "rmse": {
      "ci95_high": 2.190059023774103,
      "ci95_low": 1.1405115585917815,
      "estimate": 1.6274782319150918
    }
  },
  "weather_ridge": {
    "macro_mae": {
      "ci95_high": 3.5501434044090825,
      "ci95_low": 1.879810566817466,
      "estimate": 2.8186119027542897
    },
    "mae": {
      "ci95_high": 1.3020110110869885,
      "ci95_low": 0.745427319911236,
      "estimate": 0.9685288652040787
    },
    "rmse": {
      "ci95_high": 2.0385321312755025,
      "ci95_low": 1.0469387801665424,
      "estimate": 1.5204213760827878
    }
  }
}