{
  "ci95_high": 0.7244367402308807,
  "ci95_low": 0.3318394866474129,
  "mae_difference_a_minus_b": 0.5092704441714411,
  "probability_a_better_than_b": 0.0
}