visibility_km,n,mae,rmse,mean_prediction,bias
4.0,1,4.779577600076038,4.779577600076038,8.779577600076038,4.779577600076038
5.0,10,4.707261734301005,4.738188525467786,9.707261734301005,4.707261734301005
9.0,11,0.5735185982049971,0.6669878976674737,8.920860452052885,-0.07913954794711478
10.0,105,0.7001566370136377,0.8951763685469818,9.489073901621301,-0.5109260983786987
